<?xml version="1.0" encoding="UTF-8"?>
<listing xmlns:xsi="http://www.w3.org/2001/XMLSchema-instance"
xsi:noNamespaceSchemaLocation="urn:magento:module:Magento_Ui:etc/ui_configuration.xsd">
	<columns name="sales_order_columns">
		<column name="custom_info" class="Laurensmedia\Productdesigner\Ui\Component\Listing\Column\Custom">
			<argument name="data" xsi:type="array">
				<item name="config" xsi:type="array">
					<item name="filter" xsi:type="string">text</item>
					<item name="visible" xsi:type="boolean">true</item>
					<item name="label" xsi:type="string" translate="true">Custom info</item>
				</item>
			</argument>
		</column>
	</columns>
</listing>