<?xml version="1.0"?>
<config xmlns:xsi="http://www.w3.org/2001/XMLSchema-instance"
        xsi:noNamespaceSchemaLocation="urn:magento:framework:ObjectManager/etc/config.xsd">

    <!-- Plugins existants -->
    <type name="Magento\Quote\Model\Quote\Item\ToOrderItem">
        <plugin name="unique_name" type="Laurensmedia\Productdesigner\Plugin\ToOrderItem" sortOrder="1"/>
    </type>

    <type name="Magento\Sales\Model\Order\Item">
        <plugin name="override_order_item_options"
                type="Laurensmedia\Productdesigner\Plugin\Sales\Model\Order\Item" sortOrder="1"/>
    </type>

    <type name="Magento\Checkout\Block\Cart\Item\Renderer\Actions\Edit">
        <plugin name="override_cart_item_edit_url"
                type="Laurensmedia\Productdesigner\Plugin\Checkout\Block\Cart\Item\Renderer\Actions\Edit" sortOrder="1"/>
    </type>

    <preference for="Magento\Checkout\Model\Cart"
                type="Laurensmedia\Productdesigner\Rewrite\Checkout\Model\Cart"/>
    <preference for="Magento\Sales\Model\Reorder\Reorder"
                type="Laurensmedia\Productdesigner\Rewrite\Magento\Sales\Model\Reorder\Reorder"/>

    <type name="Magento\Directory\Model\Currency">
        <plugin name="Laurensmedia_Productdesigner_Plugin_Magento_Directory_Model_Currency"
                type="Laurensmedia\Productdesigner\Plugin\Magento\Directory\Model\Currency" sortOrder="10"
                disabled="false"/>
    </type>

    <type name="Magento\Quote\Model\Quote\Item\AbstractItem">
        <plugin name="Laurensmedia_Productdesigner_Plugin_Magento_Quote_Model_Quote_Item_AbstractItem"
                type="Laurensmedia\Productdesigner\Plugin\Magento\Quote\Model\Quote\Item\AbstractItem" sortOrder="10"
                disabled="false"/>
    </type>

    <!-- Injection explicite des dependances -->
    <type name="Laurensmedia\Productdesigner\Controller\Adminhtml\Bulkexport\Delete">
        <arguments>
            <argument name="bulkexportFactory" xsi:type="object">Laurensmedia\Productdesigner\Model\BulkexportFactory</argument>
            <argument name="logger" xsi:type="object">Psr\Log\LoggerInterface</argument>
        </arguments>
    </type>

    <type name="Laurensmedia\Productdesigner\Controller\Adminhtml\Bulkexport\Removeall">
        <arguments>
            <argument name="bulkexportFactory" xsi:type="object">Laurensmedia\Productdesigner\Model\BulkexportFactory</argument>
            <argument name="logger" xsi:type="object">Psr\Log\LoggerInterface</argument>
        </arguments>
    </type>

</config>
