<?xml version="1.0"?>
<config xmlns:xsi="http://www.w3.org/2001/XMLSchema-instance" xsi:noNamespaceSchemaLocation="../../../../../lib/internal/Magento/Framework/Module/etc/module.xsd">
    <module name="Laurensmedia_Productdesigner" setup_version="1.0.5">
        <sequence>
            <module name="Magento_Backend"/>
             <module name="Magento_Sales"/>
            <module name="Magento_Quote"/>
            <module name="Magento_Checkout"/>
            <module name="Magento_Cms"/>
            <module name="Magento_Store"/>
            <module name="Magento_Catalog"/>
        </sequence>
	</module>
</config>